,prelim.household,prelim.gender,prelim.age,hh.wealth1,hh.SMP,hh.Pesticide,base.control,base.attitudes,base.dnorms,base.innorms,base.intention,follow.control,follow.attitudes,follow.dnorms,follow.innorms,follow.intention,final.control,final.attitudes,final.dnorms,final.innorms,final.intention,follow.event_attendance,base.hotline,follow.hotline,final.hotline,base.story,follow.story,final.story,base.pledge,follow.pledge,final.pledge,base.Knowledge,follow.Knowledge,final.Knowledge,ID,Base
1,149,0,28,4,0,0,10,17,6,15,7,12,15,7,16,8,9,13,6,10,6,0,0,0,0,0,0,0,0,0,0,0,0,0,1,1
2,120,0,18,2,1,0,NA,NA,NA,NA,NA,NA,NA,NA,NA,NA,NA,NA,NA,NA,NA,0,0,NA,NA,0,NA,NA,0,NA,NA,0,NA,NA,2,0
3,137,1,21,4,0,1,NA,NA,NA,NA,NA,NA,NA,NA,NA,NA,NA,NA,NA,NA,NA,0,0,NA,NA,0,NA,NA,0,NA,NA,0,NA,NA,3,0
4,129,0,31,4,0,0,10,14,6,16,8,8,10,6,10,4,NA,NA,NA,NA,NA,0,0,0,NA,0,0,NA,0,0,NA,0,0,NA,4,1
5,71,0,31,4,0,0,8,16,6,12,8,NA,NA,NA,NA,NA,NA,NA,NA,NA,NA,0,0,NA,NA,0,NA,NA,0,NA,NA,0,NA,NA,5,1
6,39,1,72,2,0,0,10,13,6,13,6,8,14,8,9,8,10,17,8,16,8,0,0,0,0,0,0,0,0,0,0,0,0,0,6,1
7,NA,NA,NA,NA,NA,NA,12,15,6,15,9,NA,NA,NA,NA,NA,NA,NA,NA,NA,NA,0,0,NA,NA,0,NA,NA,0,NA,NA,0,NA,NA,7,1
8,NA,NA,NA,NA,NA,NA,14,17,9,16,10,NA,NA,NA,NA,NA,NA,NA,NA,NA,NA,0,0,NA,NA,0,NA,NA,0,NA,NA,0,NA,NA,8,1
9,124,1,20,5,0,0,12,16,6,15,9,10,14,6,14,8,12,17,8,10,9,0,0,0,0,0,0,0,0,0,0,0,0,0,9,1
10,101,0,23,2,0,0,NA,NA,NA,NA,NA,12,17,6,13,8,12,16,5,17,9,0,0,0,0,0,0,0,0,0,0,0,0,0,10,0
11,125,1,47,3,0,0,NA,NA,NA,NA,NA,10,16,6,14,8,11,14,6,17,9,0,0,0,1,0,0,1,0,0,0,0,0,2,11,0
12,63,0,48,2,0,0,NA,NA,NA,NA,NA,13,17,6,16,9,12,17,6,16,10,0,0,0,0,0,0,0,0,0,0,0,0,0,12,0
13,155,0,59,5,0,0,NA,NA,NA,NA,NA,9,15,7,12,8,10,18,8,15,10,0,0,0,0,0,0,0,0,0,0,0,0,0,13,0
14,80,1,40,4,1,1,NA,NA,NA,NA,NA,NA,NA,NA,NA,NA,NA,NA,NA,NA,NA,0,0,NA,NA,0,NA,NA,0,NA,NA,0,NA,NA,14,0
15,136,1,25,4,0,1,12,14,6,12,6,10,12,6,12,6,NA,NA,NA,NA,NA,0,0,0,NA,0,0,NA,0,0,NA,0,0,NA,15,1
16,100,0,48,4,0,0,12,16,6,13,9,9,16,6,14,8,10,17,6,14,9,0,0,0,0,0,0,0,0,0,0,0,0,0,16,1
17,104,1,31,4,0,0,NA,NA,NA,NA,NA,10,16,6,14,8,NA,NA,NA,NA,NA,0,0,0,NA,0,0,NA,0,0,NA,0,0,NA,17,0
18,73,1,38,4,0,0,11,16,8,15,9,8,13,8,13,10,NA,NA,NA,NA,NA,1,0,3,NA,0,3,NA,0,3,NA,0,9,NA,18,1
19,103,1,45,5,0,0,NA,NA,NA,NA,NA,NA,NA,NA,NA,NA,NA,NA,NA,NA,NA,0,0,NA,NA,0,NA,NA,0,NA,NA,0,NA,NA,19,0
20,89,0,45,3,0,0,NA,NA,NA,NA,NA,11,14,4,9,6,13,20,10,12,7,0,0,0,0,0,0,0,0,0,0,0,0,0,20,0
21,125,1,18,3,0,0,9,14,8,12,7,11,16,6,13,8,NA,NA,NA,NA,NA,0,0,0,NA,0,0,NA,0,0,NA,0,0,NA,21,1
22,67,0,43,5,0,0,NA,NA,NA,NA,NA,10,14,6,18,10,9,12,6,12,6,0,0,0,0,0,0,0,0,0,0,0,0,0,22,0
23,39,0,29,2,0,0,8,18,6,12,8,10,16,6,16,8,9,15,6,15,6,0,0,0,0,0,0,5,0,0,0,0,0,5,23,1
24,12,0,20,3,0,0,NA,NA,NA,NA,NA,NA,NA,NA,NA,NA,NA,NA,NA,NA,NA,0,0,NA,NA,0,NA,NA,0,NA,NA,0,NA,NA,24,0
25,91,1,46,4,0,0,NA,NA,NA,NA,NA,13,18,9,18,5,14,19,9,16,10,0,0,0,0,0,0,0,0,1,0,0,1,0,25,0
26,NA,NA,NA,NA,NA,NA,14,19,6,19,10,NA,NA,NA,NA,NA,NA,NA,NA,NA,NA,0,0,NA,NA,0,NA,NA,0,NA,NA,0,NA,NA,26,1
27,NA,NA,NA,NA,NA,NA,11,19,5,19,8,NA,NA,NA,NA,NA,NA,NA,NA,NA,NA,0,0,NA,NA,0,NA,NA,0,NA,NA,0,NA,NA,27,1
28,12,0,27,3,0,0,NA,NA,NA,NA,NA,10,13,5,13,9,NA,NA,NA,NA,NA,0,0,0,NA,0,0,NA,0,0,NA,0,0,NA,28,0
29,44,0,30,4,0,1,12,17,6,15,9,10,16,6,15,8,12,16,6,15,6,0,0,0,2,0,0,5,0,0,1,0,0,8,29,1
30,12,0,22,3,0,0,NA,NA,NA,NA,NA,NA,NA,NA,NA,NA,NA,NA,NA,NA,NA,0,0,NA,NA,0,NA,NA,0,NA,NA,0,NA,NA,30,0
31,23,0,23,4,1,0,12,16,6,13,8,12,15,6,15,8,13,20,9,14,6,0,0,1,2,0,0,0,0,0,2,0,1,4,31,1
32,52,0,32,3,0,0,12,15,6,16,9,NA,NA,NA,NA,NA,NA,NA,NA,NA,NA,0,0,NA,NA,0,NA,NA,0,NA,NA,0,NA,NA,32,1
33,13,0,40,4,0,0,11,18,8,15,10,14,15,5,18,10,12,14,7,17,7,1,0,3,3,0,2,4,0,3,2,0,8,9,33,1
34,28,0,43,4,1,0,9,17,6,12,9,15,17,6,16,10,12,15,8,17,8,0,0,0,0,0,0,0,0,0,0,0,0,0,34,1
35,29,0,37,3,0,1,NA,NA,NA,NA,NA,11,14,6,11,6,NA,NA,NA,NA,NA,0,0,0,NA,0,0,NA,0,0,NA,0,0,NA,35,0
36,23,0,20,4,1,0,NA,NA,NA,NA,NA,12,16,5,12,8,15,20,10,12,10,0,0,2,3,0,4,5,0,3,1,0,9,9,36,0
37,42,0,73,3,1,0,NA,NA,NA,NA,NA,11,15,6,11,9,NA,NA,NA,NA,NA,1,0,0,NA,0,5,NA,0,2,NA,0,7,NA,37,0
38,33,1,46,5,0,0,NA,NA,NA,NA,NA,NA,NA,NA,NA,NA,NA,NA,NA,NA,NA,0,0,NA,NA,0,NA,NA,0,NA,NA,0,NA,NA,38,0
39,121,1,43,3,0,0,NA,NA,NA,NA,NA,NA,NA,NA,NA,NA,NA,NA,NA,NA,NA,0,0,NA,NA,0,NA,NA,0,NA,NA,0,NA,NA,39,0
40,79,1,35,3,0,0,NA,NA,NA,NA,NA,6,10,2,5,2,9,13,5,8,4,0,0,0,0,0,0,0,0,0,0,0,0,0,40,0
41,92,1,27,3,0,0,13,17,6,15,10,NA,NA,NA,NA,NA,NA,NA,NA,NA,NA,0,0,NA,NA,0,NA,NA,0,NA,NA,0,NA,NA,41,1
42,134,0,33,4,1,0,5,11,6,8,4,8,16,5,11,7,8,16,6,12,8,1,0,2,2,0,4,5,0,2,0,0,8,7,42,1
43,34,1,31,3,0,0,NA,NA,NA,NA,NA,NA,NA,NA,NA,NA,NA,NA,NA,NA,NA,0,0,NA,NA,0,NA,NA,0,NA,NA,0,NA,NA,43,0
44,33,0,25,5,0,0,NA,NA,NA,NA,NA,12,14,7,13,8,11,16,6,11,6,0,0,0,0,0,0,0,0,0,0,0,0,0,44,0
45,25,1,33,5,0,1,11,11,6,12,4,12,15,6,16,10,NA,NA,NA,NA,NA,0,0,0,NA,0,0,NA,0,0,NA,0,0,NA,45,1
46,26,0,26,5,0,1,NA,NA,NA,NA,NA,12,12,8,14,8,9,16,7,14,8,0,0,2,0,0,1,0,0,0,0,0,3,0,46,0
47,1,0,37,4,0,0,NA,NA,NA,NA,NA,8,13,6,11,7,7,12,5,12,6,0,0,0,0,0,0,0,0,0,0,0,0,0,47,0
48,83,0,26,4,1,1,NA,NA,NA,NA,NA,11,14,9,17,9,12,15,8,16,9,0,0,0,0,0,0,0,0,0,0,0,0,0,48,0
49,26,0,31,5,0,1,NA,NA,NA,NA,NA,9,14,6,12,8,NA,NA,NA,NA,NA,0,0,0,NA,0,0,NA,0,0,NA,0,0,NA,49,0
50,26,1,21,5,0,1,14,19,10,16,9,15,15,6,15,9,12,16,8,13,10,0,0,1,0,0,0,0,0,0,0,0,1,0,50,1
51,76,0,37,2,1,1,NA,NA,NA,NA,NA,12,16,6,13,7,NA,NA,NA,NA,NA,0,0,0,NA,0,0,NA,0,0,NA,0,0,NA,51,0
52,130,0,50,3,0,0,NA,NA,NA,NA,NA,13,17,6,17,9,11,17,9,12,6,0,0,0,0,0,0,0,0,0,1,0,0,1,52,0
53,6,1,53,4,0,1,NA,NA,NA,NA,NA,14,15,6,15,10,12,20,6,16,10,1,0,2,2,0,5,5,0,3,3,0,10,10,53,0
54,125,0,46,3,0,0,12,18,6,17,8,13,15,6,18,9,12,13,6,12,6,1,0,2,1,0,5,4,0,3,3,0,10,8,54,1
55,14,0,50,2,0,0,8,13,7,15,6,12,14,6,16,9,NA,NA,NA,NA,NA,0,0,0,NA,0,0,NA,0,0,NA,0,0,NA,55,1
56,11,1,72,2,0,0,11,18,6,14,9,14,20,6,18,10,NA,NA,NA,NA,NA,1,0,1,NA,0,5,NA,0,3,NA,0,9,NA,56,1
57,120,1,26,2,1,0,NA,NA,NA,NA,NA,NA,NA,NA,NA,NA,NA,NA,NA,NA,NA,0,0,NA,NA,0,NA,NA,0,NA,NA,0,NA,NA,57,0
58,106,1,62,5,0,0,10,15,6,14,8,6,20,6,11,9,10,14,7,16,7,0,0,0,0,0,0,0,0,0,0,0,0,0,58,1
59,122,0,21,3,0,0,8,13,7,12,7,12,16,6,13,8,9,17,7,14,9,0,0,0,2,0,0,0,0,0,0,0,0,2,59,1
60,39,1,63,2,0,0,11,15,6,19,9,13,19,6,16,10,12,15,6,15,9,0,0,0,0,0,0,5,0,0,0,0,0,5,60,1
61,68,1,37,3,1,0,13,17,7,19,10,14,18,6,15,10,NA,NA,NA,NA,NA,0,0,0,NA,0,0,NA,0,0,NA,0,0,NA,61,1
62,139,0,48,4,0,1,NA,NA,NA,NA,NA,8,13,6,13,8,9,14,7,12,8,0,0,0,0,0,0,0,0,0,0,0,0,0,62,0
63,135,0,53,4,1,0,NA,NA,NA,NA,NA,9,13,6,10,8,10,14,6,14,6,0,0,0,0,0,0,0,0,0,0,0,0,0,63,0
64,42,0,48,3,1,0,NA,NA,NA,NA,NA,14,17,7,19,9,NA,NA,NA,NA,NA,1,0,3,NA,0,4,NA,0,3,NA,0,10,NA,64,0
65,114,0,38,4,1,0,8,11,6,10,4,8,14,6,12,4,NA,NA,NA,NA,NA,0,0,0,NA,0,0,NA,0,0,NA,0,0,NA,65,1
66,123,1,63,3,0,0,NA,NA,NA,NA,NA,10,14,7,16,8,11,19,9,17,10,0,0,0,0,0,0,5,0,0,1,0,0,6,66,0
67,6,0,19,4,0,1,10,14,5,14,8,12,16,6,18,9,NA,NA,NA,NA,NA,0,0,2,NA,0,0,NA,0,1,NA,0,3,NA,67,1
68,2,0,35,3,0,0,9,17,8,16,8,10,18,9,13,10,11,16,7,14,8,0,0,0,0,0,0,0,0,0,0,0,0,0,68,1
69,34,0,21,3,0,0,NA,NA,NA,NA,NA,11,17,7,16,9,9,14,7,13,7,0,0,1,0,0,0,0,0,1,1,0,2,1,69,0
70,48,1,29,4,0,1,12,14,6,14,8,10,15,6,13,8,NA,NA,NA,NA,NA,0,0,0,NA,0,0,NA,0,0,NA,0,0,NA,70,1
71,27,0,23,4,0,1,NA,NA,NA,NA,NA,11,14,6,15,8,12,16,6,14,8,0,0,0,0,0,0,0,0,0,0,0,0,0,71,0
72,59,0,21,2,0,0,NA,NA,NA,NA,NA,10,17,8,18,8,NA,NA,NA,NA,NA,0,0,1,NA,0,0,NA,0,2,NA,0,3,NA,72,0
73,57,0,21,4,1,0,NA,NA,NA,NA,NA,8,16,6,10,6,NA,NA,NA,NA,NA,0,0,0,NA,0,0,NA,0,1,NA,0,1,NA,73,0
74,7,0,19,3,0,0,NA,NA,NA,NA,NA,NA,NA,NA,NA,NA,NA,NA,NA,NA,NA,0,0,NA,NA,0,NA,NA,0,NA,NA,0,NA,NA,74,0
75,103,0,44,5,0,0,10,14,7,12,8,10,16,8,15,8,6,12,6,11,5,0,0,0,0,0,0,0,0,0,0,0,0,0,75,1
76,148,0,18,5,NA,1,NA,NA,NA,NA,NA,12,17,8,16,9,NA,NA,NA,NA,NA,0,0,0,NA,0,0,NA,0,0,NA,0,0,NA,76,0
77,66,1,27,4,1,0,NA,NA,NA,NA,NA,10,17,9,16,8,NA,NA,NA,NA,NA,0,0,0,NA,0,0,NA,0,0,NA,0,0,NA,77,0
78,95,0,31,3,0,0,NA,NA,NA,NA,NA,10,17,7,16,10,11,15,6,14,6,0,0,1,0,0,0,0,0,0,0,0,1,0,78,0
79,80,0,24,4,1,1,NA,NA,NA,NA,NA,NA,NA,NA,NA,NA,NA,NA,NA,NA,NA,0,0,NA,NA,0,NA,NA,0,NA,NA,0,NA,NA,79,0
80,90,0,43,4,1,0,NA,NA,NA,NA,NA,9,19,9,15,10,11,20,10,16,10,1,0,3,1,0,5,5,0,3,1,0,11,7,80,0
81,7,1,45,3,0,0,10,14,6,14,8,14,14,9,18,10,9,14,6,16,6,1,0,3,2,0,1,5,0,1,2,0,5,9,81,1
82,51,1,30,3,0,0,NA,NA,NA,NA,NA,13,17,6,16,9,12,15,6,14,8,0,0,0,0,0,0,0,0,0,0,0,0,0,82,0
83,8,0,41,5,NA,0,12,12,6,11,9,10,14,6,16,8,NA,NA,NA,NA,NA,1,0,2,NA,0,5,NA,0,2,NA,0,9,NA,83,1
84,13,0,19,4,0,0,NA,NA,NA,NA,NA,13,14,6,13,9,12,16,6,15,8,0,0,0,2,0,1,5,0,2,2,0,3,9,84,0
85,131,0,22,4,0,0,NA,NA,NA,NA,NA,NA,NA,NA,NA,NA,NA,NA,NA,NA,NA,0,0,NA,NA,0,NA,NA,0,NA,NA,0,NA,NA,85,0
86,150,1,30,4,0,1,NA,NA,NA,NA,NA,NA,NA,NA,NA,NA,NA,NA,NA,NA,NA,0,0,NA,NA,0,NA,NA,0,NA,NA,0,NA,NA,86,0
87,38,0,22,5,1,0,10,15,6,14,8,12,17,8,16,10,12,13,6,14,8,0,0,0,0,0,0,0,0,0,0,0,0,0,87,1
88,36,0,22,4,NA,1,12,15,6,12,10,12,14,8,14,9,12,12,6,15,9,0,0,0,0,0,0,0,0,0,0,0,0,0,88,1
89,87,1,77,4,0,0,NA,NA,NA,NA,NA,NA,NA,NA,NA,NA,NA,NA,NA,NA,NA,0,0,NA,NA,0,NA,NA,0,NA,NA,0,NA,NA,89,0
90,12,1,28,3,0,0,NA,NA,NA,NA,NA,NA,NA,NA,NA,NA,NA,NA,NA,NA,NA,0,0,NA,NA,0,NA,NA,0,NA,NA,0,NA,NA,90,0
91,30,1,68,2,0,0,NA,NA,NA,NA,NA,9,12,6,12,6,NA,NA,NA,NA,NA,0,0,0,NA,0,0,NA,0,0,NA,0,0,NA,91,0
92,11,0,68,2,0,0,10,18,6,14,7,10,14,8,17,8,NA,NA,NA,NA,NA,1,0,2,NA,0,2,NA,0,2,NA,0,6,NA,92,1
93,127,0,66,2,0,1,NA,NA,NA,NA,NA,8,14,6,11,8,10,16,6,12,8,0,0,0,0,0,0,0,0,0,0,0,0,0,93,0
94,121,0,48,3,0,0,NA,NA,NA,NA,NA,13,14,6,17,9,11,16,7,15,9,0,0,0,0,0,0,5,0,0,2,0,0,7,94,0
95,117,0,35,4,0,0,NA,NA,NA,NA,NA,12,15,6,9,8,10,14,6,13,8,0,0,0,0,0,0,0,0,2,0,0,2,0,95,0
96,NA,NA,NA,NA,NA,NA,9,9,5,8,3,NA,NA,NA,NA,NA,NA,NA,NA,NA,NA,0,0,NA,NA,0,NA,NA,0,NA,NA,0,NA,NA,96,1
97,118,0,54,4,0,1,NA,NA,NA,NA,NA,13,14,8,17,9,11,16,6,14,6,0,0,0,0,0,0,0,0,0,1,0,0,1,97,0
98,85,0,58,5,1,0,NA,NA,NA,NA,NA,11,15,9,16,9,11,20,9,20,8,0,0,0,0,0,0,0,0,0,0,0,0,0,98,0
99,153,0,23,5,0,0,NA,NA,NA,NA,NA,12,15,6,16,9,12,15,7,16,6,0,0,0,0,0,0,0,0,0,0,0,0,0,99,0
100,152,0,25,2,0,0,NA,NA,NA,NA,NA,8,14,7,13,8,9,13,6,12,6,0,0,0,0,0,1,0,0,0,0,0,1,0,100,0
101,77,0,21,2,0,0,NA,NA,NA,NA,NA,12,14,6,14,10,NA,NA,NA,NA,NA,0,0,0,NA,0,0,NA,0,0,NA,0,0,NA,101,0
102,74,1,21,3,0,0,NA,NA,NA,NA,NA,NA,NA,NA,NA,NA,NA,NA,NA,NA,NA,0,0,NA,NA,0,NA,NA,0,NA,NA,0,NA,NA,102,0
103,47,0,24,3,1,0,8,14,7,9,5,NA,NA,NA,NA,NA,NA,NA,NA,NA,NA,0,0,NA,NA,0,NA,NA,0,NA,NA,0,NA,NA,103,1
104,94,1,27,4,0,0,NA,NA,NA,NA,NA,15,19,10,17,10,NA,NA,NA,NA,NA,0,0,3,NA,0,0,NA,0,0,NA,0,3,NA,104,0
105,74,0,18,3,0,0,NA,NA,NA,NA,NA,12,13,6,10,6,NA,NA,NA,NA,NA,0,0,0,NA,0,0,NA,0,0,NA,0,0,NA,105,0
106,84,0,20,3,0,0,NA,NA,NA,NA,NA,13,14,6,14,8,11,16,7,12,8,0,0,0,0,0,0,0,0,0,0,0,0,0,106,0
107,92,0,22,3,0,0,10,17,8,13,8,12,16,7,14,8,15,20,10,15,10,0,0,0,0,0,0,0,0,0,0,0,0,0,107,1
108,138,1,29,5,0,1,8,13,6,13,6,8,14,8,11,3,NA,NA,NA,NA,NA,0,0,0,NA,0,0,NA,0,0,NA,0,0,NA,108,1
109,3,0,20,3,0,0,NA,NA,NA,NA,NA,12,15,6,13,8,12,15,6,16,9,0,0,0,0,0,1,0,0,0,0,0,1,0,109,0
110,110,1,25,5,0,0,NA,NA,NA,NA,NA,11,15,6,13,9,NA,NA,NA,NA,NA,0,0,0,NA,0,0,NA,0,0,NA,0,0,NA,110,0
111,NA,NA,NA,NA,NA,NA,10,14,7,14,7,NA,NA,NA,NA,NA,NA,NA,NA,NA,NA,0,0,NA,NA,0,NA,NA,0,NA,NA,0,NA,NA,111,1
112,143,1,18,3,0,0,NA,NA,NA,NA,NA,13,16,6,13,8,12,18,8,16,10,0,0,0,0,0,0,0,0,0,0,0,0,0,112,0
113,65,0,36,3,1,0,10,15,8,12,8,10,16,7,16,8,12,16,8,12,6,0,0,0,0,0,0,0,0,0,0,0,0,0,113,1
114,69,0,46,4,1,0,10,10,4,8,4,12,15,6,14,8,NA,NA,NA,NA,NA,1,0,2,NA,0,5,NA,0,2,NA,0,9,NA,114,1
115,100,1,51,4,0,0,14,16,4,16,10,14,16,6,20,10,13,17,6,17,10,0,0,2,0,0,0,0,0,0,1,0,2,1,115,1
116,112,0,40,4,1,0,NA,NA,NA,NA,NA,9,16,8,17,10,10,14,7,12,8,0,0,0,0,0,0,0,0,0,0,0,0,0,116,0
117,70,0,37,4,0,1,12,14,8,12,8,10,12,6,12,6,10,15,7,12,6,0,0,0,0,0,0,0,0,0,0,0,0,0,117,1
118,47,1,27,3,1,0,12,15,6,13,8,11,15,4,14,8,NA,NA,NA,NA,NA,0,0,2,NA,0,0,NA,0,0,NA,0,2,NA,118,1
119,28,1,45,4,1,0,13,17,6,15,10,13,14,6,10,9,12,18,8,16,9,0,0,0,0,0,0,0,0,0,0,0,0,0,119,1
120,109,1,48,4,1,0,12,14,6,13,9,NA,NA,NA,NA,NA,NA,NA,NA,NA,NA,0,0,NA,NA,0,NA,NA,0,NA,NA,0,NA,NA,120,1
121,131,1,24,4,0,0,NA,NA,NA,NA,NA,10,12,6,9,2,NA,NA,NA,NA,NA,0,0,0,NA,0,0,NA,0,0,NA,0,0,NA,121,0
122,130,1,52,3,0,0,10,12,6,17,8,10,17,6,16,9,11,13,6,15,6,0,0,0,0,0,0,0,0,0,0,0,0,0,122,1
123,78,1,27,3,0,0,12,18,6,15,9,8,17,6,13,9,NA,NA,NA,NA,NA,0,0,1,NA,0,0,NA,0,0,NA,0,1,NA,123,1
124,155,1,21,5,0,0,8,15,8,15,6,10,16,8,12,8,8,13,6,14,6,0,0,0,0,0,0,0,0,0,0,0,0,0,124,1
125,26,0,18,5,0,1,10,17,8,18,8,NA,NA,NA,NA,NA,NA,NA,NA,NA,NA,0,0,NA,NA,0,NA,NA,0,NA,NA,0,NA,NA,125,1
126,155,1,63,5,0,0,NA,NA,NA,NA,NA,NA,NA,NA,NA,NA,NA,NA,NA,NA,NA,0,0,NA,NA,0,NA,NA,0,NA,NA,0,NA,NA,126,0
127,NA,NA,NA,NA,NA,NA,NA,NA,NA,NA,NA,9,15,6,12,6,9,16,7,13,6,0,0,0,0,0,0,0,0,0,0,0,0,0,127,0
128,80,0,46,4,1,1,9,15,8,13,6,10,12,8,10,4,10,15,6,14,7,1,0,3,0,0,3,4,0,2,0,0,8,4,128,1
129,82,0,55,5,0,0,NA,NA,NA,NA,NA,10,12,6,10,8,9,12,6,11,7,0,0,0,0,0,1,0,0,0,0,0,1,0,129,0
130,15,0,67,1,0,0,NA,NA,NA,NA,NA,NA,NA,NA,NA,NA,NA,NA,NA,NA,NA,0,0,NA,NA,0,NA,NA,0,NA,NA,0,NA,NA,130,0
131,48,0,70,4,0,1,8,16,6,16,8,12,15,7,17,10,NA,NA,NA,NA,NA,0,0,0,NA,0,0,NA,0,0,NA,0,0,NA,131,1
132,147,1,23,6,0,0,NA,NA,NA,NA,NA,14,18,8,14,9,NA,NA,NA,NA,NA,0,0,2,NA,0,0,NA,0,0,NA,0,2,NA,132,0
133,74,1,37,3,0,0,NA,NA,NA,NA,NA,8,15,5,11,8,NA,NA,NA,NA,NA,0,0,0,NA,0,0,NA,0,0,NA,0,0,NA,133,0
134,123,0,45,3,0,0,10,13,7,15,9,10,14,8,14,8,11,20,6,16,10,0,0,0,0,0,5,5,0,0,1,0,5,6,134,1
135,80,1,45,4,1,1,NA,NA,NA,NA,NA,8,14,6,13,8,12,15,5,14,6,0,0,2,0,0,2,0,0,0,0,0,4,0,135,0
136,96,0,35,4,0,1,NA,NA,NA,NA,NA,11,16,8,17,8,NA,NA,NA,NA,NA,0,0,0,NA,0,0,NA,0,0,NA,0,0,NA,136,0
137,95,0,35,3,0,0,7,12,5,11,6,11,15,6,16,10,9,12,6,11,6,0,0,0,0,0,0,0,0,0,0,0,0,0,137,1
138,87,0,60,4,0,0,NA,NA,NA,NA,NA,NA,NA,NA,NA,NA,NA,NA,NA,NA,NA,0,0,NA,NA,0,NA,NA,0,NA,NA,0,NA,NA,138,0
139,54,0,29,3,0,0,6,11,6,12,6,6,14,6,13,8,NA,NA,NA,NA,NA,1,0,2,NA,0,0,NA,0,3,NA,0,5,NA,139,1
140,78,0,25,3,0,0,10,14,5,16,9,9,15,7,12,6,12,16,8,14,8,0,0,0,0,0,0,0,0,0,0,0,0,0,140,1
141,107,1,31,4,0,1,7,20,5,17,10,12,17,6,15,8,NA,NA,NA,NA,NA,0,0,0,NA,0,0,NA,0,0,NA,0,0,NA,141,1
142,43,1,19,5,1,0,NA,NA,NA,NA,NA,NA,NA,NA,NA,NA,NA,NA,NA,NA,NA,0,0,NA,NA,0,NA,NA,0,NA,NA,0,NA,NA,142,0
143,31,1,34,4,0,0,14,16,7,15,9,NA,NA,NA,NA,NA,NA,NA,NA,NA,NA,0,0,NA,NA,0,NA,NA,0,NA,NA,0,NA,NA,143,1
144,43,0,22,5,1,0,11,15,6,14,8,NA,NA,NA,NA,NA,NA,NA,NA,NA,NA,0,0,NA,NA,0,NA,NA,0,NA,NA,0,NA,NA,144,1
145,55,0,21,5,0,0,11,15,6,13,8,10,14,6,12,9,8,11,6,14,6,1,0,3,0,0,4,0,0,2,0,0,9,0,145,1
146,30,0,72,2,0,0,NA,NA,NA,NA,NA,9,15,6,13,8,NA,NA,NA,NA,NA,0,0,0,NA,0,0,NA,0,0,NA,0,0,NA,146,0
147,58,0,37,5,NA,1,11,14,5,13,9,11,17,6,11,9,8,13,5,9,7,0,0,0,0,0,0,0,0,0,0,0,0,0,147,1
148,41,0,47,4,1,1,10,15,7,12,6,10,16,7,16,9,12,16,8,14,8,1,0,2,2,0,3,5,0,3,1,0,8,8,148,1
149,113,1,33,3,0,0,9,12,7,15,6,10,14,7,13,8,11,12,6,14,5,0,0,0,0,0,0,0,0,0,0,0,0,0,149,1
150,1,1,36,4,0,0,NA,NA,NA,NA,NA,7,13,6,15,3,10,15,6,13,8,0,0,0,0,0,0,0,0,0,0,0,0,0,150,0
151,96,1,39,4,0,1,7,16,6,15,8,NA,NA,NA,NA,NA,NA,NA,NA,NA,NA,0,0,NA,NA,0,NA,NA,0,NA,NA,0,NA,NA,151,1
152,138,0,24,5,0,1,9,13,6,13,4,12,13,6,8,4,9,12,5,10,5,0,0,0,0,0,0,0,0,0,0,0,0,0,152,1
153,50,0,48,2,0,0,13,19,6,18,10,14,16,6,19,10,11,14,7,15,6,0,0,0,0,0,0,0,0,2,0,0,2,0,153,1
154,43,1,57,5,1,0,NA,NA,NA,NA,NA,9,14,8,13,9,10,17,7,16,7,1,0,2,0,0,1,0,0,2,1,0,5,1,154,0
155,112,1,53,4,1,0,NA,NA,NA,NA,NA,10,15,6,12,8,11,15,6,13,8,0,0,0,0,0,0,0,0,0,0,0,0,0,155,0
156,128,1,28,4,1,0,10,16,6,14,8,13,18,6,15,10,8,13,5,9,4,0,0,0,0,0,0,5,0,0,1,0,0,6,156,1
157,91,0,46,4,0,0,NA,NA,NA,NA,NA,8,8,3,8,2,8,18,4,14,6,0,0,0,0,0,0,0,0,0,0,0,0,0,157,0
158,126,0,43,2,NA,0,8,17,6,15,9,NA,NA,NA,NA,NA,NA,NA,NA,NA,NA,0,0,NA,NA,0,NA,NA,0,NA,NA,0,NA,NA,158,1
159,NA,NA,NA,NA,NA,NA,7,14,8,10,6,NA,NA,NA,NA,NA,NA,NA,NA,NA,NA,0,0,NA,NA,0,NA,NA,0,NA,NA,0,NA,NA,159,1
160,12,1,38,3,0,0,NA,NA,NA,NA,NA,10,16,6,16,10,NA,NA,NA,NA,NA,0,0,0,NA,0,0,NA,0,0,NA,0,0,NA,160,0
161,135,1,27,4,1,0,10,16,6,16,6,12,14,6,15,8,9,17,6,14,8,0,0,0,0,0,0,0,0,0,0,0,0,0,161,1
162,22,0,66,3,0,0,9,12,6,12,6,NA,NA,NA,NA,NA,NA,NA,NA,NA,NA,0,0,NA,NA,0,NA,NA,0,NA,NA,0,NA,NA,162,1
163,154,0,31,2,0,0,10,14,8,10,6,6,10,6,8,3,NA,NA,NA,NA,NA,0,0,0,NA,0,0,NA,0,0,NA,0,0,NA,163,1
164,151,1,48,3,0,0,12,14,7,12,6,NA,NA,NA,NA,NA,NA,NA,NA,NA,NA,0,0,NA,NA,0,NA,NA,0,NA,NA,0,NA,NA,164,1
165,32,0,46,3,0,0,6,10,6,10,4,10,14,6,14,8,9,16,7,14,7,1,0,0,0,0,2,1,0,0,0,0,2,1,165,1
166,72,1,19,4,1,0,9,16,7,14,8,8,14,6,16,8,NA,NA,NA,NA,NA,0,0,0,NA,0,0,NA,0,0,NA,0,0,NA,166,1
167,146,1,25,4,0,0,12,14,6,12,9,12,16,6,16,10,NA,NA,NA,NA,NA,1,0,2,NA,0,5,NA,0,3,NA,0,10,NA,167,1
168,NA,NA,NA,NA,NA,NA,11,14,4,15,5,NA,NA,NA,NA,NA,NA,NA,NA,NA,NA,0,0,NA,NA,0,NA,NA,0,NA,NA,0,NA,NA,168,1
169,8,1,18,5,NA,0,NA,NA,NA,NA,NA,NA,NA,NA,NA,NA,NA,NA,NA,NA,NA,0,0,NA,NA,0,NA,NA,0,NA,NA,0,NA,NA,169,0
170,13,1,42,4,0,0,NA,NA,NA,NA,NA,15,20,6,20,10,9,19,6,13,9,1,0,3,3,0,4,0,0,3,3,0,10,6,170,0
171,50,1,49,2,0,0,12,19,6,12,8,15,19,8,18,10,12,17,5,11,8,0,0,0,0,0,0,0,0,2,1,0,2,1,171,1
172,6,0,54,4,0,1,NA,NA,NA,NA,NA,15,16,6,18,10,11,17,5,14,8,1,0,3,0,0,5,0,0,3,1,0,11,1,172,0
173,NA,NA,NA,NA,NA,NA,10,14,9,19,8,NA,NA,NA,NA,NA,NA,NA,NA,NA,NA,0,0,NA,NA,0,NA,NA,0,NA,NA,0,NA,NA,173,1
174,5,0,48,4,0,0,NA,NA,NA,NA,NA,11,18,6,16,10,NA,NA,NA,NA,NA,0,0,0,NA,0,1,NA,0,0,NA,0,1,NA,174,0
175,93,1,58,5,1,1,NA,NA,NA,NA,NA,10,17,6,17,9,8,14,6,11,7,0,0,0,0,0,0,0,0,0,0,0,0,0,175,0
176,143,0,45,3,0,0,12,17,7,12,10,14,12,5,14,10,NA,NA,NA,NA,NA,1,0,0,NA,0,0,NA,0,1,NA,0,1,NA,176,1
177,70,1,38,4,0,1,8,17,6,12,8,13,15,5,13,7,12,16,7,13,8,0,0,3,0,0,0,0,0,0,0,0,3,0,177,1
178,18,1,18,4,0,1,NA,NA,NA,NA,NA,NA,NA,NA,NA,NA,NA,NA,NA,NA,NA,0,0,NA,NA,0,NA,NA,0,NA,NA,0,NA,NA,178,0
179,18,0,19,4,0,1,NA,NA,NA,NA,NA,11,16,8,16,8,12,18,6,15,10,0,0,0,0,0,0,0,0,0,0,0,0,0,179,0
180,83,1,28,4,1,1,NA,NA,NA,NA,NA,12,16,6,16,9,11,16,8,16,6,0,0,0,0,0,0,0,0,1,0,0,1,0,180,0
181,75,0,34,3,0,0,7,13,6,14,7,14,17,6,17,9,NA,NA,NA,NA,NA,1,0,3,NA,0,4,NA,0,2,NA,0,9,NA,181,1
182,53,0,29,2,0,0,12,19,6,14,9,14,20,8,16,10,12,14,8,16,10,1,0,3,2,0,5,5,0,3,2,0,11,9,182,1
183,64,0,40,4,1,0,12,15,8,16,10,14,17,6,17,10,9,12,6,12,6,1,0,0,0,0,1,0,0,3,0,0,4,0,183,1
184,NA,NA,NA,NA,NA,NA,13,20,8,16,10,NA,NA,NA,NA,NA,NA,NA,NA,NA,NA,0,0,NA,NA,0,NA,NA,0,NA,NA,0,NA,NA,184,1
185,18,1,62,4,0,1,NA,NA,NA,NA,NA,10,14,6,12,8,12,16,7,15,8,0,0,0,0,0,0,0,0,0,0,0,0,0,185,0
186,124,0,60,5,0,0,NA,NA,NA,NA,NA,9,13,6,11,4,11,14,6,17,7,0,0,0,0,0,0,0,0,0,0,0,0,0,186,0
187,142,0,53,5,0,0,8,13,7,10,6,12,9,5,14,9,10,16,8,13,9,0,0,0,0,0,0,0,0,0,0,0,0,0,187,1
188,29,0,19,3,0,1,NA,NA,NA,NA,NA,14,16,5,14,9,12,15,6,14,8,0,0,0,1,0,0,1,0,0,0,0,0,2,188,0
189,NA,NA,NA,NA,NA,NA,12,19,8,15,9,10,16,7,15,8,NA,NA,NA,NA,NA,0,0,0,NA,0,0,NA,0,0,NA,0,0,NA,189,1
190,132,0,22,4,0,0,NA,NA,NA,NA,NA,8,12,7,12,4,10,14,6,14,6,0,0,0,0,0,0,0,0,0,0,0,0,0,190,0
191,133,1,25,3,0,0,NA,NA,NA,NA,NA,NA,NA,NA,NA,NA,NA,NA,NA,NA,NA,0,0,NA,NA,0,NA,NA,0,NA,NA,0,NA,NA,191,0
192,56,0,25,3,0,0,12,14,6,15,8,13,17,6,13,10,11,16,6,15,9,0,0,0,0,0,0,1,0,0,0,0,0,1,192,1
193,23,0,64,4,1,0,NA,NA,NA,NA,NA,NA,NA,NA,NA,NA,11,15,8,14,8,0,0,NA,0,0,NA,0,0,NA,0,0,NA,0,193,0
194,85,1,66,5,1,0,NA,NA,NA,NA,NA,13,16,7,18,9,NA,NA,NA,NA,NA,0,0,0,NA,0,0,NA,0,0,NA,0,0,NA,194,0
195,NA,NA,NA,NA,NA,NA,11,16,10,12,9,NA,NA,NA,NA,NA,NA,NA,NA,NA,NA,0,0,NA,NA,0,NA,NA,0,NA,NA,0,NA,NA,195,1
196,98,1,65,2,0,0,NA,NA,NA,NA,NA,11,15,6,14,9,15,20,6,16,10,0,0,0,0,0,0,0,0,0,0,0,0,0,196,0
197,22,1,76,3,0,0,NA,NA,NA,NA,NA,NA,NA,NA,NA,NA,NA,NA,NA,NA,NA,0,0,NA,NA,0,NA,NA,0,NA,NA,0,NA,NA,197,0
198,NA,NA,NA,NA,NA,NA,NA,NA,NA,NA,NA,10,14,6,12,8,NA,NA,NA,NA,NA,0,0,0,NA,0,0,NA,0,0,NA,0,0,NA,198,0
199,153,1,26,5,0,0,NA,NA,NA,NA,NA,14,16,6,14,8,12,15,7,15,7,0,0,0,0,0,0,0,0,0,0,0,0,0,199,0
200,69,1,45,4,1,0,10,12,4,13,8,10,15,7,13,10,NA,NA,NA,NA,NA,0,0,0,NA,0,0,NA,0,2,NA,0,2,NA,200,1
201,NA,NA,NA,NA,NA,NA,6,16,6,13,9,NA,NA,NA,NA,NA,NA,NA,NA,NA,NA,0,0,NA,NA,0,NA,NA,0,NA,NA,0,NA,NA,201,1
202,38,1,21,5,1,0,NA,NA,NA,NA,NA,10,17,6,15,9,NA,NA,NA,NA,NA,0,0,0,NA,0,0,NA,0,0,NA,0,0,NA,202,0
203,156,0,19,4,0,0,NA,NA,NA,NA,NA,10,16,6,13,8,11,14,6,14,8,0,0,0,0,0,0,0,0,0,0,0,0,0,203,0
204,140,1,24,4,0,0,11,19,7,14,9,14,17,6,15,9,NA,NA,NA,NA,NA,0,0,0,NA,0,0,NA,0,0,NA,0,0,NA,204,1
205,86,0,20,4,1,0,10,13,8,15,7,12,15,6,17,9,13,19,6,19,5,0,0,0,0,0,0,0,0,0,0,0,0,0,205,1
206,NA,NA,NA,NA,NA,NA,NA,NA,NA,NA,NA,NA,NA,NA,NA,NA,12,19,2,15,10,0,0,NA,0,0,NA,0,0,NA,0,0,NA,0,206,0
207,122,1,28,3,0,0,12,16,5,16,9,NA,NA,NA,NA,NA,NA,NA,NA,NA,NA,0,0,NA,NA,0,NA,NA,0,NA,NA,0,NA,NA,207,1
208,NA,NA,NA,NA,NA,NA,NA,NA,NA,NA,NA,10,17,9,11,10,12,16,6,16,8,0,0,0,0,0,3,0,0,2,0,0,5,0,208,0
209,32,0,20,3,0,0,NA,NA,NA,NA,NA,14,18,10,18,10,12,15,6,12,8,1,0,1,2,0,5,5,0,3,1,0,9,8,209,0
210,32,0,26,3,0,0,NA,NA,NA,NA,NA,7,17,7,15,9,12,19,8,15,9,0,0,3,2,0,0,5,0,0,2,0,3,9,210,0
211,85,0,21,5,1,0,NA,NA,NA,NA,NA,NA,NA,NA,NA,NA,NA,NA,NA,NA,NA,0,0,NA,NA,0,NA,NA,0,NA,NA,0,NA,NA,211,0
212,96,0,20,4,0,1,NA,NA,NA,NA,NA,8,15,6,17,9,NA,NA,NA,NA,NA,0,0,0,NA,0,0,NA,0,0,NA,0,0,NA,212,0
213,43,1,24,5,1,0,NA,NA,NA,NA,NA,13,16,6,15,8,11,16,6,13,6,0,0,1,0,0,0,0,0,0,0,0,1,0,213,0
214,31,0,33,4,0,0,NA,NA,NA,NA,NA,NA,NA,NA,NA,NA,NA,NA,NA,NA,NA,0,0,NA,NA,0,NA,NA,0,NA,NA,0,NA,NA,214,0
215,144,0,21,4,0,0,NA,NA,NA,NA,NA,13,15,7,15,8,12,17,9,16,8,0,0,0,0,0,0,5,0,0,0,0,0,5,215,0
216,37,1,19,5,0,0,NA,NA,NA,NA,NA,10,14,5,13,8,10,15,7,14,8,0,0,0,2,0,5,5,0,0,1,0,5,8,216,0
217,24,0,58,6,1,1,NA,NA,NA,NA,NA,NA,NA,NA,NA,NA,NA,NA,NA,NA,NA,0,0,NA,NA,0,NA,NA,0,NA,NA,0,NA,NA,217,0
218,117,1,26,4,0,0,NA,NA,NA,NA,NA,8,17,6,15,9,NA,NA,NA,NA,NA,0,0,0,NA,0,0,NA,0,0,NA,0,0,NA,218,0
219,21,0,44,3,0,0,8,15,6,13,7,11,17,7,17,9,9,12,6,12,6,0,0,0,0,0,0,0,0,0,0,0,0,0,219,1
220,73,0,38,4,0,0,7,11,7,11,6,13,16,9,17,9,12,17,8,14,6,0,0,0,0,0,0,5,0,0,0,0,0,5,220,1
221,18,0,40,4,0,1,6,15,6,13,8,7,16,7,15,9,11,16,6,16,9,0,0,0,0,0,0,0,0,0,0,0,0,0,221,1
222,82,1,65,5,0,0,NA,NA,NA,NA,NA,14,16,6,15,10,10,17,5,13,9,0,0,0,0,0,0,1,0,0,0,0,0,1,222,0
223,36,1,25,4,NA,1,12,15,8,16,8,NA,NA,NA,NA,NA,NA,NA,NA,NA,NA,0,0,NA,NA,0,NA,NA,0,NA,NA,0,NA,NA,223,1
224,25,0,30,5,0,1,13,17,5,14,8,11,14,7,16,8,11,14,7,13,8,0,0,0,0,0,0,0,0,0,0,0,0,0,224,1
225,24,0,28,6,1,1,NA,NA,NA,NA,NA,13,17,9,19,10,12,17,6,14,9,0,0,1,2,0,1,5,0,0,1,0,2,8,225,0
226,87,1,18,4,0,0,NA,NA,NA,NA,NA,NA,NA,NA,NA,NA,NA,NA,NA,NA,NA,0,0,NA,NA,0,NA,NA,0,NA,NA,0,NA,NA,226,0
227,105,0,35,6,0,1,NA,NA,NA,NA,NA,12,14,3,15,8,NA,NA,NA,NA,NA,0,0,0,NA,0,0,NA,0,0,NA,0,0,NA,227,0
228,88,0,28,4,1,0,NA,NA,NA,NA,NA,10,17,6,12,10,NA,NA,NA,NA,NA,0,0,0,NA,0,0,NA,0,3,NA,0,3,NA,228,0
229,104,0,31,4,0,0,NA,NA,NA,NA,NA,10,20,6,17,10,NA,NA,NA,NA,NA,0,0,0,NA,0,0,NA,0,0,NA,0,0,NA,229,0
230,61,0,45,4,0,1,12,17,6,17,10,NA,NA,NA,NA,NA,NA,NA,NA,NA,NA,0,0,NA,NA,0,NA,NA,0,NA,NA,0,NA,NA,230,1
231,90,1,20,4,1,0,NA,NA,NA,NA,NA,11,16,6,13,8,NA,NA,NA,NA,NA,0,0,0,NA,0,0,NA,0,2,NA,0,2,NA,231,0
232,NA,NA,NA,NA,NA,NA,12,13,6,13,8,NA,NA,NA,NA,NA,NA,NA,NA,NA,NA,0,0,NA,NA,0,NA,NA,0,NA,NA,0,NA,NA,232,1
233,53,1,31,2,0,0,12,15,7,16,7,NA,NA,NA,NA,NA,NA,NA,NA,NA,NA,0,0,NA,NA,0,NA,NA,0,NA,NA,0,NA,NA,233,1
234,104,0,25,4,0,0,NA,NA,NA,NA,NA,8,16,6,15,9,12,16,7,10,8,0,0,0,0,0,0,0,0,0,0,0,0,0,234,0
235,19,0,27,4,0,1,15,16,10,14,10,12,17,9,16,10,11,17,8,13,8,0,0,0,0,0,0,0,0,0,0,0,0,0,235,1
236,155,0,23,5,0,0,NA,NA,NA,NA,NA,NA,NA,NA,NA,NA,NA,NA,NA,NA,NA,0,0,NA,NA,0,NA,NA,0,NA,NA,0,NA,NA,236,0
237,74,0,33,3,0,0,NA,NA,NA,NA,NA,8,17,5,17,10,NA,NA,NA,NA,NA,0,0,0,NA,0,0,NA,0,0,NA,0,0,NA,237,0
238,156,0,19,4,0,0,NA,NA,NA,NA,NA,10,16,6,15,8,12,18,6,16,10,0,0,0,0,0,0,0,0,0,0,0,0,0,238,0
239,114,1,36,4,1,0,10,18,6,16,9,12,15,6,13,8,NA,NA,NA,NA,NA,0,0,0,NA,0,0,NA,0,0,NA,0,0,NA,239,1
240,145,1,33,3,0,0,5,11,5,10,3,9,17,7,13,8,NA,NA,NA,NA,NA,0,0,0,NA,0,0,NA,0,0,NA,0,0,NA,240,1
241,99,1,34,3,1,0,13,17,7,15,8,14,17,6,15,10,14,17,9,14,10,0,0,0,0,0,0,0,0,0,0,0,0,0,241,1
242,NA,NA,NA,NA,NA,NA,9,13,7,10,5,NA,NA,NA,NA,NA,NA,NA,NA,NA,NA,0,0,NA,NA,0,NA,NA,0,NA,NA,0,NA,NA,242,1
243,140,0,22,4,0,0,11,18,8,15,9,7,16,8,14,8,NA,NA,NA,NA,NA,0,0,0,NA,0,0,NA,0,0,NA,0,0,NA,243,1
244,119,0,27,4,1,0,9,15,6,10,6,10,18,8,13,8,11,16,7,11,5,0,0,0,0,0,0,0,0,0,0,0,0,0,244,1
245,41,0,19,4,1,1,8,13,6,9,5,8,16,6,13,8,9,11,5,10,6,0,0,0,0,0,0,1,0,0,0,0,0,1,245,1
246,NA,NA,NA,NA,NA,NA,8,17,8,13,8,6,16,6,13,9,NA,NA,NA,NA,NA,0,0,0,NA,0,0,NA,0,0,NA,0,0,NA,246,1
247,77,1,24,2,0,0,NA,NA,NA,NA,NA,12,17,8,14,10,NA,NA,NA,NA,NA,0,0,1,NA,0,0,NA,0,0,NA,0,1,NA,247,0
248,117,0,18,4,0,0,8,14,6,12,8,11,18,6,11,10,10,14,6,11,7,0,0,0,0,0,0,0,0,0,1,0,0,1,248,1
249,63,1,24,2,0,0,11,17,7,14,8,10,14,6,13,8,10,13,8,14,8,0,0,0,0,0,0,0,0,0,0,0,0,0,249,1
250,45,1,20,2,1,0,NA,NA,NA,NA,NA,11,15,6,15,10,NA,NA,NA,NA,NA,0,0,1,NA,0,0,NA,0,0,NA,0,1,NA,250,0
251,4,0,24,5,1,0,NA,NA,NA,NA,NA,10,15,6,17,10,6,19,8,14,9,0,0,0,0,0,0,0,0,0,0,0,0,0,251,0
252,NA,NA,NA,NA,NA,NA,10,15,6,15,8,NA,NA,NA,NA,NA,NA,NA,NA,NA,NA,0,0,NA,NA,0,NA,NA,0,NA,NA,0,NA,NA,252,1
253,108,1,26,4,0,1,12,17,6,17,8,NA,NA,NA,NA,NA,NA,NA,NA,NA,NA,0,0,NA,NA,0,NA,NA,0,NA,NA,0,NA,NA,253,1
254,54,1,28,3,0,0,10,17,5,15,8,NA,NA,NA,NA,NA,NA,NA,NA,NA,NA,0,0,NA,NA,0,NA,NA,0,NA,NA,0,NA,NA,254,1
255,141,0,22,4,0,0,NA,NA,NA,NA,NA,8,11,6,6,2,8,12,4,11,4,0,0,0,0,0,0,0,0,0,0,0,0,0,255,0
256,8,0,19,5,NA,0,NA,NA,NA,NA,NA,12,16,6,16,9,NA,NA,NA,NA,NA,0,0,0,NA,0,0,NA,0,1,NA,0,1,NA,256,0
257,102,1,25,5,1,0,NA,NA,NA,NA,NA,NA,NA,NA,NA,NA,NA,NA,NA,NA,NA,0,0,NA,NA,0,NA,NA,0,NA,NA,0,NA,NA,257,0
258,4,1,28,5,1,0,NA,NA,NA,NA,NA,10,14,5,14,8,9,17,5,20,10,0,0,0,0,0,0,0,0,0,0,0,0,0,258,0
259,81,0,22,4,0,0,NA,NA,NA,NA,NA,12,16,6,15,10,12,17,5,12,6,0,0,0,0,0,0,0,0,0,0,0,0,0,259,0
260,148,1,57,5,NA,1,NA,NA,NA,NA,NA,13,19,6,16,10,10,16,7,13,8,0,0,0,0,0,0,0,0,0,0,0,0,0,260,0
261,126,1,22,2,NA,0,10,17,6,13,9,10,15,6,13,7,10,16,4,14,7,0,0,0,0,0,0,0,0,0,0,0,0,0,261,1
262,NA,NA,NA,NA,NA,NA,7,12,6,10,6,NA,NA,NA,NA,NA,NA,NA,NA,NA,NA,0,0,NA,NA,0,NA,NA,0,NA,NA,0,NA,NA,262,1
263,35,1,18,3,1,0,NA,NA,NA,NA,NA,NA,NA,NA,NA,NA,NA,NA,NA,NA,NA,0,0,NA,NA,0,NA,NA,0,NA,NA,0,NA,NA,263,0
264,42,0,18,3,1,0,NA,NA,NA,NA,NA,12,15,7,11,8,14,19,6,14,6,0,0,2,2,0,0,5,0,1,0,0,3,7,264,0
265,146,0,20,4,0,0,12,12,5,11,5,11,14,6,11,8,NA,NA,NA,NA,NA,0,0,0,NA,0,0,NA,0,0,NA,0,0,NA,265,1
266,136,0,26,4,0,1,6,14,6,10,4,9,15,6,12,4,9,15,6,13,6,0,0,0,0,0,0,0,0,0,0,0,0,0,266,1
267,135,0,32,4,1,0,9,16,6,15,9,NA,NA,NA,NA,NA,NA,NA,NA,NA,NA,0,0,NA,NA,0,NA,NA,0,NA,NA,0,NA,NA,267,1
268,NA,NA,NA,NA,NA,NA,9,19,6,15,9,NA,NA,NA,NA,NA,NA,NA,NA,NA,NA,0,0,NA,NA,0,NA,NA,0,NA,NA,0,NA,NA,268,1
269,80,0,19,4,1,1,NA,NA,NA,NA,NA,NA,NA,NA,NA,NA,NA,NA,NA,NA,NA,0,0,NA,NA,0,NA,NA,0,NA,NA,0,NA,NA,269,0
270,133,0,22,3,0,0,10,12,7,10,8,12,17,6,15,7,NA,NA,NA,NA,NA,0,0,0,NA,0,0,NA,0,0,NA,0,0,NA,270,1
271,NA,NA,NA,NA,NA,NA,10,14,6,12,6,NA,NA,NA,NA,NA,NA,NA,NA,NA,NA,0,0,NA,NA,0,NA,NA,0,NA,NA,0,NA,NA,271,1
272,9,1,26,2,0,1,NA,NA,NA,NA,NA,13,18,10,12,9,12,16,8,15,8,0,0,0,2,0,0,0,0,0,1,0,0,3,272,0
273,58,1,40,5,NA,1,9,14,6,14,8,NA,NA,NA,NA,NA,NA,NA,NA,NA,NA,0,0,NA,NA,0,NA,NA,0,NA,NA,0,NA,NA,273,1
274,NA,NA,NA,NA,NA,NA,NA,NA,NA,NA,NA,9,15,7,15,8,NA,NA,NA,NA,NA,1,0,2,NA,0,1,NA,0,1,NA,0,4,NA,274,0
275,75,1,33,3,0,0,NA,NA,NA,NA,NA,NA,NA,NA,NA,NA,NA,NA,NA,NA,NA,0,0,NA,NA,0,NA,NA,0,NA,NA,0,NA,NA,275,0
276,NA,NA,NA,NA,NA,NA,8,9,5,10,4,NA,NA,NA,NA,NA,NA,NA,NA,NA,NA,0,0,NA,NA,0,NA,NA,0,NA,NA,0,NA,NA,276,1
277,NA,NA,NA,NA,NA,NA,NA,NA,NA,NA,NA,14,18,9,18,10,12,13,9,13,7,1,0,2,2,0,5,4,0,3,2,0,10,8,277,0
278,16,0,77,4,0,0,NA,NA,NA,NA,NA,NA,NA,NA,NA,NA,NA,NA,NA,NA,NA,0,0,NA,NA,0,NA,NA,0,NA,NA,0,NA,NA,278,0
279,48,0,25,4,0,1,NA,NA,NA,NA,NA,NA,NA,NA,NA,NA,NA,NA,NA,NA,NA,0,0,NA,NA,0,NA,NA,0,NA,NA,0,NA,NA,279,0
280,113,0,33,3,0,0,9,16,7,14,8,10,16,8,14,8,12,16,6,13,8,0,0,0,0,0,0,0,0,0,1,0,0,1,280,1
281,46,0,40,3,0,0,13,18,6,16,9,11,15,6,14,9,10,15,6,14,6,1,0,0,0,0,3,5,0,1,1,0,4,6,281,1
282,5,1,24,4,0,0,NA,NA,NA,NA,NA,13,16,5,15,9,9,16,7,13,9,0,0,0,0,0,0,1,0,0,0,0,0,1,282,0
283,52,1,31,3,0,0,10,18,6,14,9,NA,NA,NA,NA,NA,NA,NA,NA,NA,NA,0,0,NA,NA,0,NA,NA,0,NA,NA,0,NA,NA,283,1
284,96,1,19,4,0,1,NA,NA,NA,NA,NA,12,12,5,11,6,NA,NA,NA,NA,NA,0,0,0,NA,0,0,NA,0,0,NA,0,0,NA,284,0
285,NA,NA,NA,NA,NA,NA,8,14,5,10,7,NA,NA,NA,NA,NA,NA,NA,NA,NA,NA,0,0,NA,NA,0,NA,NA,0,NA,NA,0,NA,NA,285,1
286,51,0,31,3,0,0,NA,NA,NA,NA,NA,12,18,6,13,8,12,15,7,14,8,0,0,0,0,0,0,1,0,1,0,0,1,1,286,0
287,NA,NA,NA,NA,NA,NA,NA,NA,NA,NA,NA,12,17,5,14,10,NA,NA,NA,NA,NA,0,0,0,NA,0,0,NA,0,0,NA,0,0,NA,287,0
288,103,0,70,5,0,0,10,16,7,16,9,NA,NA,NA,NA,NA,NA,NA,NA,NA,NA,0,0,NA,NA,0,NA,NA,0,NA,NA,0,NA,NA,288,1
289,12,0,70,3,0,0,NA,NA,NA,NA,NA,NA,NA,NA,NA,NA,NA,NA,NA,NA,NA,0,0,NA,NA,0,NA,NA,0,NA,NA,0,NA,NA,289,0
290,56,1,20,3,0,0,NA,NA,NA,NA,NA,12,16,5,14,9,NA,NA,NA,NA,NA,0,0,3,NA,0,0,NA,0,1,NA,0,4,NA,290,0
291,118,1,20,4,0,1,NA,NA,NA,NA,NA,NA,NA,NA,NA,NA,NA,NA,NA,NA,NA,0,0,NA,NA,0,NA,NA,0,NA,NA,0,NA,NA,291,0
292,119,1,29,4,1,0,13,17,6,18,8,15,17,6,16,10,12,19,8,12,9,0,0,0,0,0,0,0,0,0,0,0,0,0,292,1
293,129,1,30,4,0,0,8,16,8,13,8,NA,NA,NA,NA,NA,NA,NA,NA,NA,NA,0,0,NA,NA,0,NA,NA,0,NA,NA,0,NA,NA,293,1
294,72,0,18,4,1,0,NA,NA,NA,NA,NA,10,15,5,14,8,10,14,6,12,8,0,0,0,0,0,0,0,0,0,0,0,0,0,294,0
295,72,0,34,4,1,0,11,15,6,13,9,14,17,6,19,10,12,15,8,14,6,0,0,0,0,0,0,5,0,0,0,0,0,5,295,1
296,115,1,30,4,1,0,10,15,4,13,8,12,15,4,11,9,8,16,6,13,7,0,0,0,0,0,0,3,0,0,0,0,0,3,296,1
297,118,0,23,4,0,1,NA,NA,NA,NA,NA,11,14,6,14,8,NA,NA,NA,NA,NA,0,0,0,NA,0,0,NA,0,0,NA,0,0,NA,297,0
298,126,0,18,2,NA,0,NA,NA,NA,NA,NA,NA,NA,NA,NA,NA,NA,NA,NA,NA,NA,0,0,NA,NA,0,NA,NA,0,NA,NA,0,NA,NA,298,0
299,73,0,18,4,0,0,NA,NA,NA,NA,NA,9,16,4,11,8,10,13,6,10,8,0,0,2,0,0,0,1,0,1,0,0,3,1,299,0
300,111,0,30,6,0,0,10,11,6,14,4,12,17,6,13,8,12,16,6,15,9,0,0,0,0,0,0,0,0,0,0,0,0,0,300,1
301,107,0,26,4,0,1,10,19,7,16,8,10,18,7,17,9,12,20,9,18,10,0,0,0,2,0,0,5,0,0,1,0,0,8,301,1
302,106,1,18,5,0,0,NA,NA,NA,NA,NA,NA,NA,NA,NA,NA,NA,NA,NA,NA,NA,0,0,NA,NA,0,NA,NA,0,NA,NA,0,NA,NA,302,0
303,72,1,34,4,1,0,NA,NA,NA,NA,NA,NA,NA,NA,NA,NA,NA,NA,NA,NA,NA,0,0,NA,NA,0,NA,NA,0,NA,NA,0,NA,NA,303,0
304,33,1,24,5,0,0,NA,NA,NA,NA,NA,13,16,8,16,10,NA,NA,NA,NA,NA,0,0,0,NA,0,0,NA,0,0,NA,0,0,NA,304,0
305,62,1,20,2,1,0,NA,NA,NA,NA,NA,NA,NA,NA,NA,NA,NA,NA,NA,NA,NA,0,0,NA,NA,0,NA,NA,0,NA,NA,0,NA,NA,305,0
306,64,0,20,4,1,0,10,13,5,9,4,14,15,6,16,10,9,12,6,12,6,0,0,0,0,0,0,0,0,0,0,0,0,0,306,1
307,45,0,19,2,1,0,NA,NA,NA,NA,NA,11,16,5,16,8,12,16,7,15,8,0,0,0,0,0,0,0,0,0,0,0,0,0,307,0
308,76,1,53,2,1,1,NA,NA,NA,NA,NA,8,16,8,16,8,NA,NA,NA,NA,NA,0,0,0,NA,0,0,NA,0,0,NA,0,0,NA,308,0
309,NA,NA,NA,NA,NA,NA,NA,NA,NA,NA,NA,15,17,6,14,9,NA,NA,NA,NA,NA,0,0,3,NA,0,4,NA,0,0,NA,0,7,NA,309,0
310,24,1,29,6,1,1,12,14,8,15,9,NA,NA,NA,NA,NA,10,15,9,18,5,0,0,NA,3,0,NA,0,0,NA,2,0,NA,5,310,1
311,67,1,46,5,0,0,10,17,6,16,8,9,14,9,6,2,12,12,7,13,8,1,0,0,0,0,0,0,0,1,0,0,1,0,311,1
312,118,1,57,4,0,1,NA,NA,NA,NA,NA,8,20,6,20,10,15,20,8,18,10,1,0,2,2,0,0,2,0,1,2,0,3,6,312,0
313,64,1,44,4,1,0,NA,NA,NA,NA,NA,NA,NA,NA,NA,NA,NA,NA,NA,NA,NA,0,0,NA,NA,0,NA,NA,0,NA,NA,0,NA,NA,313,0
314,65,1,38,3,1,0,9,16,8,16,8,14,17,9,16,10,12,14,6,12,8,0,0,2,0,0,0,0,0,0,0,0,2,0,314,1
315,95,1,35,3,0,0,5,14,6,7,5,NA,NA,NA,NA,NA,6,16,7,16,9,0,0,NA,0,0,NA,0,0,NA,0,0,NA,0,315,1
316,16,0,30,4,0,0,10,16,6,16,9,12,16,6,19,10,13,16,10,15,10,0,0,0,0,0,0,0,0,0,0,0,0,0,316,1
317,68,0,36,3,1,0,12,16,6,16,8,NA,NA,NA,NA,NA,NA,NA,NA,NA,NA,0,0,NA,NA,0,NA,NA,0,NA,NA,0,NA,NA,317,1
318,33,0,48,5,0,0,NA,NA,NA,NA,NA,9,14,6,10,8,NA,NA,NA,NA,NA,0,0,0,NA,0,0,NA,0,0,NA,0,0,NA,318,0
319,93,0,51,5,1,1,NA,NA,NA,NA,NA,11,14,8,16,8,11,20,9,13,7,0,0,0,0,0,0,5,0,0,0,0,0,5,319,0
320,NA,NA,NA,NA,NA,NA,NA,NA,NA,NA,NA,8,15,5,9,8,NA,NA,NA,NA,NA,0,0,0,NA,0,0,NA,0,0,NA,0,0,NA,320,0
321,98,0,60,2,0,0,NA,NA,NA,NA,NA,12,15,7,15,9,NA,NA,NA,NA,NA,0,0,0,NA,0,0,NA,0,0,NA,0,0,NA,321,0
322,102,0,24,5,1,0,NA,NA,NA,NA,NA,NA,NA,NA,NA,NA,NA,NA,NA,NA,NA,0,0,NA,NA,0,NA,NA,0,NA,NA,0,NA,NA,322,0
323,66,0,24,4,1,0,NA,NA,NA,NA,NA,7,14,7,12,8,11,16,6,12,8,0,0,0,0,0,0,0,0,0,0,0,0,0,323,0
324,63,0,18,2,0,0,11,14,7,14,8,11,13,8,12,8,14,18,9,16,10,0,0,0,0,0,0,0,0,0,0,0,0,0,324,1
325,63,0,18,2,0,0,NA,NA,NA,NA,NA,NA,NA,NA,NA,NA,NA,NA,NA,NA,NA,0,0,NA,NA,0,NA,NA,0,NA,NA,0,NA,NA,325,0
326,88,1,33,4,1,0,NA,NA,NA,NA,NA,8,15,6,12,8,NA,NA,NA,NA,NA,0,0,0,NA,0,0,NA,0,1,NA,0,1,NA,326,0
327,42,1,41,3,1,0,NA,NA,NA,NA,NA,NA,NA,NA,NA,NA,NA,NA,NA,NA,NA,0,0,NA,NA,0,NA,NA,0,NA,NA,0,NA,NA,327,0
328,55,1,24,5,0,0,NA,NA,NA,NA,NA,13,16,8,12,10,9,16,6,12,6,0,0,0,2,0,1,5,0,2,0,0,3,7,328,0
329,NA,NA,NA,NA,NA,NA,8,15,7,10,8,NA,NA,NA,NA,NA,NA,NA,NA,NA,NA,0,0,NA,NA,0,NA,NA,0,NA,NA,0,NA,NA,329,1
330,46,1,58,3,0,0,11,8,8,9,6,10,13,8,14,10,NA,NA,NA,NA,NA,0,0,1,NA,0,0,NA,0,0,NA,0,1,NA,330,1
331,152,1,23,2,0,0,NA,NA,NA,NA,NA,NA,NA,NA,NA,NA,NA,NA,NA,NA,NA,0,0,NA,NA,0,NA,NA,0,NA,NA,0,NA,NA,331,0
332,151,0,45,3,0,0,11,16,6,14,8,9,14,7,14,8,NA,NA,NA,NA,NA,0,0,0,NA,0,0,NA,0,0,NA,0,0,NA,332,1
333,43,0,56,5,1,0,12,15,8,17,9,13,19,10,16,10,8,15,6,16,8,0,0,1,0,0,0,5,0,0,1,0,1,6,333,1
334,7,0,48,3,0,0,13,16,6,17,10,13,15,6,20,10,12,19,9,20,7,1,0,3,2,0,2,5,0,1,0,0,6,7,334,1
335,60,0,40,3,NA,0,9,17,6,16,8,14,19,6,16,10,NA,NA,NA,NA,NA,1,0,2,NA,0,1,NA,0,2,NA,0,5,NA,335,1
336,86,1,47,4,1,0,NA,NA,NA,NA,NA,10,15,5,17,10,13,17,9,19,10,0,0,0,0,0,0,0,0,0,0,0,0,0,336,0
337,32,1,52,3,0,0,10,14,4,10,4,12,16,6,16,10,10,17,8,13,6,1,0,1,0,0,1,5,0,1,0,0,3,5,337,1
338,79,0,35,3,0,0,NA,NA,NA,NA,NA,9,14,6,18,10,7,13,6,14,2,0,0,0,0,0,0,0,0,0,0,0,0,0,338,0
339,82,1,23,5,0,0,NA,NA,NA,NA,NA,9,15,6,10,6,NA,NA,NA,NA,NA,0,0,0,NA,0,1,NA,0,0,NA,0,1,NA,339,0
340,132,1,29,4,0,0,NA,NA,NA,NA,NA,10,15,6,15,9,NA,NA,NA,NA,NA,0,0,0,NA,0,0,NA,0,0,NA,0,0,NA,340,0
341,44,1,35,4,0,1,9,14,7,15,9,NA,NA,NA,NA,NA,NA,NA,NA,NA,NA,0,0,NA,NA,0,NA,NA,0,NA,NA,0,NA,NA,341,1
342,61,1,36,4,0,1,NA,NA,NA,NA,NA,NA,NA,NA,NA,NA,NA,NA,NA,NA,NA,0,0,NA,NA,0,NA,NA,0,NA,NA,0,NA,NA,342,0
343,64,1,23,4,1,0,NA,NA,NA,NA,NA,14,17,8,13,9,NA,NA,NA,NA,NA,0,0,0,NA,0,0,NA,0,0,NA,0,0,NA,343,0
344,82,1,20,5,0,0,NA,NA,NA,NA,NA,NA,NA,NA,NA,NA,NA,NA,NA,NA,NA,0,0,NA,NA,0,NA,NA,0,NA,NA,0,NA,NA,344,0
345,35,0,39,3,1,0,9,14,7,13,8,NA,NA,NA,NA,NA,NA,NA,NA,NA,NA,0,0,NA,NA,0,NA,NA,0,NA,NA,0,NA,NA,345,1
346,40,0,40,3,0,0,NA,NA,NA,NA,NA,NA,NA,NA,NA,NA,NA,NA,NA,NA,NA,0,0,NA,NA,0,NA,NA,0,NA,NA,0,NA,NA,346,0
347,105,1,37,6,0,1,NA,NA,NA,NA,NA,13,16,4,10,6,9,14,6,11,6,0,0,0,0,0,0,0,0,0,0,0,0,0,347,0
348,8,1,44,5,NA,0,15,16,8,19,9,15,16,8,19,9,NA,NA,NA,NA,NA,1,0,2,NA,0,3,NA,0,2,NA,0,7,NA,348,1
349,139,1,47,4,0,1,NA,NA,NA,NA,NA,6,12,9,8,2,10,15,4,12,6,0,0,0,0,0,0,0,0,0,0,0,0,0,349,0
350,2,1,35,3,0,0,NA,NA,NA,NA,NA,NA,NA,NA,NA,NA,NA,NA,NA,NA,NA,0,0,NA,NA,0,NA,NA,0,NA,NA,0,NA,NA,350,0
351,128,0,33,4,1,0,9,14,6,14,6,12,18,9,15,9,9,13,6,12,5,0,0,0,0,0,0,2,0,0,0,0,0,2,351,1
352,99,0,24,3,1,0,12,15,6,14,9,NA,NA,NA,NA,NA,NA,NA,NA,NA,NA,0,0,NA,NA,0,NA,NA,0,NA,NA,0,NA,NA,352,1
353,106,0,54,5,0,0,13,14,7,15,8,13,14,6,13,8,9,16,6,12,9,0,0,0,0,0,0,0,0,0,0,0,0,0,353,1
354,40,1,53,3,0,0,NA,NA,NA,NA,NA,NA,NA,NA,NA,NA,NA,NA,NA,NA,NA,0,0,NA,NA,0,NA,NA,0,NA,NA,0,NA,NA,354,0
355,28,1,19,4,1,0,NA,NA,NA,NA,NA,NA,NA,NA,NA,NA,NA,NA,NA,NA,NA,0,0,NA,NA,0,NA,NA,0,NA,NA,0,NA,NA,355,0
356,27,1,24,4,0,1,NA,NA,NA,NA,NA,10,15,6,13,8,10,15,5,14,6,0,0,2,0,0,0,0,0,0,0,0,2,0,356,0
357,28,0,21,4,1,0,NA,NA,NA,NA,NA,12,17,8,16,9,11,19,8,16,10,0,0,0,0,0,0,0,0,0,0,0,0,0,357,0
358,23,1,24,4,1,0,NA,NA,NA,NA,NA,NA,NA,NA,NA,NA,NA,NA,NA,NA,NA,0,0,NA,NA,0,NA,NA,0,NA,NA,0,NA,NA,358,0
359,9,0,18,2,0,1,NA,NA,NA,NA,NA,6,14,6,13,9,10,15,8,14,8,0,0,0,0,0,0,4,0,0,0,0,0,4,359,0
360,9,0,21,2,0,1,NA,NA,NA,NA,NA,10,14,5,11,9,9,15,5,14,7,0,0,0,0,0,0,1,0,0,0,0,0,1,360,0
361,9,1,19,2,0,1,NA,NA,NA,NA,NA,NA,NA,NA,NA,NA,NA,NA,NA,NA,NA,0,0,NA,NA,0,NA,NA,0,NA,NA,0,NA,NA,361,0
362,19,1,26,4,0,1,13,19,7,14,9,13,16,5,17,10,NA,NA,NA,NA,NA,0,0,3,NA,0,0,NA,0,0,NA,0,3,NA,362,1
363,62,0,18,2,1,0,NA,NA,NA,NA,NA,11,14,8,16,8,12,15,7,15,9,0,0,1,0,0,0,0,0,0,0,0,1,0,363,0
364,108,0,24,4,0,1,12,17,6,17,9,12,17,8,17,8,12,17,6,16,7,0,0,0,0,0,0,0,0,0,0,0,0,0,364,1
365,17,0,26,4,1,0,NA,NA,NA,NA,NA,12,14,7,13,8,NA,NA,NA,NA,NA,0,0,0,NA,0,1,NA,0,0,NA,0,1,NA,365,0
366,127,0,23,2,0,1,NA,NA,NA,NA,NA,NA,NA,NA,NA,NA,NA,NA,NA,NA,NA,0,0,NA,NA,0,NA,NA,0,NA,NA,0,NA,NA,366,0
367,5,0,24,4,0,0,NA,NA,NA,NA,NA,12,17,7,15,8,9,13,6,12,7,0,0,0,1,0,0,1,0,0,0,0,0,2,367,0
368,56,1,30,3,0,0,9,16,6,16,8,12,17,6,14,9,12,17,6,15,7,0,0,0,0,0,0,0,0,0,0,0,0,0,368,1
369,5,1,21,4,0,0,NA,NA,NA,NA,NA,NA,NA,NA,NA,NA,NA,NA,NA,NA,NA,0,0,NA,NA,0,NA,NA,0,NA,NA,0,NA,NA,369,0
370,49,1,49,4,1,0,NA,NA,NA,NA,NA,11,17,5,16,9,12,18,6,14,7,1,0,2,2,0,4,5,0,2,1,0,8,8,370,0
371,17,1,22,4,1,0,NA,NA,NA,NA,NA,10,17,6,16,9,NA,NA,NA,NA,NA,0,0,0,NA,0,5,NA,0,0,NA,0,5,NA,371,0
372,70,1,18,4,0,1,NA,NA,NA,NA,NA,NA,NA,NA,NA,NA,NA,NA,NA,NA,NA,0,0,NA,NA,0,NA,NA,0,NA,NA,0,NA,NA,372,0
373,3,0,50,3,0,0,NA,NA,NA,NA,NA,13,15,6,14,9,9,14,6,14,7,0,0,0,0,0,0,0,0,0,0,0,0,0,373,0
374,145,0,18,3,0,0,NA,NA,NA,NA,NA,7,14,6,11,4,NA,NA,NA,NA,NA,0,0,0,NA,0,0,NA,0,0,NA,0,0,NA,374,0
375,148,0,21,5,NA,1,NA,NA,NA,NA,NA,11,14,8,13,8,9,15,9,16,8,0,0,0,0,0,0,0,0,0,0,0,0,0,375,0
376,145,0,31,3,0,0,9,14,7,12,4,7,13,6,9,4,10,16,7,10,7,0,0,0,0,0,0,0,0,0,0,0,0,0,376,1
377,NA,NA,NA,NA,NA,NA,8,14,6,15,9,NA,NA,NA,NA,NA,NA,NA,NA,NA,NA,0,0,NA,NA,0,NA,NA,0,NA,NA,0,NA,NA,377,1
378,150,0,33,4,0,1,NA,NA,NA,NA,NA,10,15,6,13,9,8,13,7,12,4,0,0,0,0,0,0,0,0,0,0,0,0,0,378,0
379,81,1,33,4,0,0,NA,NA,NA,NA,NA,14,14,6,13,9,11,15,5,12,6,0,0,0,0,0,0,0,0,0,0,0,0,0,379,0
380,115,0,27,4,1,0,12,17,7,18,8,11,17,6,15,8,11,17,6,14,8,0,0,0,2,0,0,0,0,0,0,0,0,2,380,1
381,NA,NA,NA,NA,NA,NA,10,13,6,13,8,NA,NA,NA,NA,NA,NA,NA,NA,NA,NA,0,0,NA,NA,0,NA,NA,0,NA,NA,0,NA,NA,381,1
382,110,0,23,5,0,0,NA,NA,NA,NA,NA,12,15,5,13,8,NA,NA,NA,NA,NA,0,0,0,NA,0,0,NA,0,0,NA,0,0,NA,382,0
383,NA,NA,NA,NA,NA,NA,6,14,6,13,6,NA,NA,NA,NA,NA,NA,NA,NA,NA,NA,0,0,NA,NA,0,NA,NA,0,NA,NA,0,NA,NA,383,1
384,85,0,19,5,1,0,NA,NA,NA,NA,NA,10,15,8,15,9,10,16,8,11,8,0,0,0,0,0,0,0,0,0,0,0,0,0,384,0
385,32,1,22,3,0,0,13,19,7,17,9,14,16,6,14,10,11,16,9,18,7,0,0,2,3,0,0,0,0,0,0,0,2,3,385,1
386,87,0,37,4,0,0,NA,NA,NA,NA,NA,10,17,6,16,10,12,16,6,13,7,0,0,0,0,0,0,0,0,0,0,0,0,0,386,0
387,116,0,25,3,1,0,9,13,6,16,8,11,18,6,14,10,12,17,8,15,9,0,0,0,2,0,0,0,0,0,2,0,0,4,387,1
388,41,1,21,4,1,1,6,14,5,9,6,NA,NA,NA,NA,NA,NA,NA,NA,NA,NA,0,0,NA,NA,0,NA,NA,0,NA,NA,0,NA,NA,388,1
389,57,1,25,4,1,0,NA,NA,NA,NA,NA,NA,NA,NA,NA,NA,NA,NA,NA,NA,NA,0,0,NA,NA,0,NA,NA,0,NA,NA,0,NA,NA,389,0
390,49,0,44,4,1,0,12,13,5,18,8,12,14,5,16,8,12,15,6,15,8,1,0,0,2,0,0,0,0,0,0,0,0,2,390,1
391,109,0,45,4,1,0,12,14,6,10,9,11,13,6,12,8,12,16,7,12,9,0,0,0,0,0,0,0,0,0,1,0,0,1,391,1
392,37,1,63,5,0,0,NA,NA,NA,NA,NA,12,16,8,16,10,11,16,6,13,6,1,0,2,2,0,1,5,0,3,0,0,6,7,392,0
393,24,1,60,6,1,1,10,19,6,15,10,15,18,6,18,10,13,16,8,15,8,1,0,1,2,0,5,5,0,3,2,0,9,9,393,1
394,134,1,41,4,1,0,6,12,6,9,5,10,12,5,10,4,9,13,6,10,6,0,0,0,2,0,0,0,0,0,0,0,0,2,394,1
395,86,0,44,4,1,0,8,17,6,12,8,10,15,6,13,8,10,17,8,12,9,0,0,0,0,0,0,0,0,0,0,0,0,0,395,1
396,37,0,48,5,0,0,NA,NA,NA,NA,NA,8,17,6,11,8,9,16,6,12,6,1,0,2,2,0,4,5,0,2,0,0,8,7,396,0
397,148,0,51,5,NA,1,NA,NA,NA,NA,NA,NA,NA,NA,NA,NA,NA,NA,NA,NA,NA,0,0,NA,NA,0,NA,NA,0,NA,NA,0,NA,NA,397,0
398,98,0,23,2,0,0,NA,NA,NA,NA,NA,10,14,6,11,8,11,17,9,12,8,0,0,0,0,0,0,0,0,0,0,0,0,0,398,0
399,97,0,34,1,0,0,11,15,7,10,8,12,17,6,13,8,NA,NA,NA,NA,NA,0,0,0,NA,0,0,NA,0,0,NA,0,0,NA,399,1
400,98,0,20,2,0,0,NA,NA,NA,NA,NA,NA,NA,NA,NA,NA,NA,NA,NA,NA,NA,0,0,NA,NA,0,NA,NA,0,NA,NA,0,NA,NA,400,0
